{
    "total_runtime": 386.6486802101135,
    "num_documents": 1,
    "input_load_time": 0,
    "workflows": {
        "create_summarized_entities": {
            "overall": 76.47965621948242,
            "0_summarize_descriptions": 76.47850275039673
        },
        "create_base_entity_graph": {
            "overall": 0.23698782920837402,
            "0_cluster_graph": 0.23441696166992188,
            "1_select": 0.001499176025390625
        },
        "create_final_entities": {
            "overall": 2.329280138015747,
            "0_unpack_graph": 0.061087846755981445,
            "1_rename": 0.0028600692749023438,
            "2_select": 0.0019049644470214844,
            "3_dedupe": 0.0029850006103515625,
            "4_rename": 0.0023539066314697266,
            "5_filter": 0.008543014526367188,
            "6_text_split": 0.004872798919677734,
            "7_drop": 0.0032148361206054688,
            "8_merge": 0.02919602394104004,
            "9_text_embed": 2.1907958984375,
            "10_drop": 0.005346775054931641,
            "11_filter": 0.014510869979858398
        },
        "create_final_nodes": {
            "overall": 0.635728120803833,
            "0_layout_graph": 0.36359500885009766,
            "1_unpack_graph": 0.14154887199401855,
            "2_unpack_graph": 0.0705411434173584,
            "3_drop": 0.003671884536743164,
            "4_filter": 0.014843940734863281,
            "5_select": 0.0037431716918945312,
            "6_rename": 0.004212856292724609,
            "7_convert": 0.01651906967163086,
            "8_join": 0.009045839309692383,
            "9_rename": 0.0051000118255615234
        },
        "create_final_communities": {
            "overall": 0.46289896965026855,
            "0_unpack_graph": 0.06375694274902344,
            "1_unpack_graph": 0.13951683044433594,
            "2_aggregate_override": 0.008343935012817383,
            "3_join": 0.0166471004486084,
            "4_join": 0.015841007232666016,
            "5_concat": 0.006639957427978516,
            "6_filter": 0.14242100715637207,
            "7_aggregate_override": 0.01714491844177246,
            "8_join": 0.007280826568603516,
            "9_filter": 0.012392282485961914,
            "10_fill": 0.0058400630950927734,
            "11_merge": 0.011023998260498047,
            "12_copy": 0.006124019622802734,
            "13_select": 0.005517005920410156
        },
        "join_text_units_to_entity_ids": {
            "overall": 0.027744054794311523,
            "0_select": 0.0056989192962646484,
            "1_unroll": 0.006811857223510742,
            "2_aggregate_override": 0.009660720825195312
        },
        "create_final_relationships": {
            "overall": 0.16457700729370117,
            "0_unpack_graph": 0.06720900535583496,
            "1_filter": 0.02122807502746582,
            "2_rename": 0.006538867950439453,
            "3_filter": 0.026134014129638672,
            "4_drop": 0.0067138671875,
            "5_compute_edge_combined_degree": 0.009077072143554688,
            "6_convert": 0.014509916305541992,
            "7_convert": 0.007166147232055664
        },
        "join_text_units_to_relationship_ids": {
            "overall": 0.04174208641052246,
            "0_select": 0.00699305534362793,
            "1_unroll": 0.008285999298095703,
            "2_aggregate_override": 0.011507987976074219,
            "3_select": 0.008121013641357422
        },
        "create_final_community_reports": {
            "overall": 304.4210069179535,
            "0_prepare_community_reports_nodes": 0.01667928695678711,
            "1_prepare_community_reports_edges": 0.012172937393188477,
            "2_restore_community_hierarchy": 0.012566089630126953,
            "3_prepare_community_reports": 0.2641439437866211,
            "4_create_community_reports": 304.0895822048187,
            "5_window": 0.017641067504882812
        },
        "create_final_text_units": {
            "overall": 0.07340192794799805,
            "0_select": 0.008864164352416992,
            "1_rename": 0.00896000862121582,
            "2_join": 0.012774944305419922,
            "3_join": 0.012219905853271484,
            "4_aggregate_override": 0.01270914077758789,
            "5_select": 0.009498834609985352
        },
        "create_base_documents": {
            "overall": 0.11778974533081055,
            "0_unroll": 0.011967897415161133,
            "1_select": 0.01084280014038086,
            "2_rename": 0.009760618209838867,
            "3_join": 0.01322317123413086,
            "4_aggregate_override": 0.012278079986572266,
            "5_join": 0.013241052627563477,
            "6_rename": 0.010169029235839844,
            "7_convert": 0.02648782730102539
        },
        "create_final_documents": {
            "overall": 0.02061605453491211,
            "0_rename": 0.010330915451049805
        }
    }
}